insert into ADDRESS (CITY,ADDRESS) values ('Medellin' , 'Calle 1 # 13 -42');
insert into ADDRESS (CITY,ADDRESS) values ('Medellin', 'Calle 24 # 45 -42');
insert into ADDRESS (CITY,ADDRESS) values ('Itagui', 'Calle 54 # 25 -42');
insert into ADDRESS (CITY,ADDRESS) values ('Envigado', 'Carrera 10 # 25 -42');
insert into ADDRESS (CITY,ADDRESS) values ('Medellin', 'Avenida 24 # 45 -42');
insert into ADDRESS (CITY,ADDRESS) values ('Itagui', 'Calle 54 # 25 -42');

INSERT INTO TEACHER(ID,DOCUMENT_TYPE,NAME,LAST_NAME,BIRTHDAY,EMAIL,PHONE_NUMBER,CELL_NUMBER,LAST_GRADE) VALUES(1000123456,'CEDULA_DE_CIUDADANIA','JOSE','MARTINEZ','2000-02-16','jose.martinez@mail.com','6045555514','3008110045','Licenciado en Matematicas');
INSERT INTO TEACHER(ID,DOCUMENT_TYPE,NAME,LAST_NAME,BIRTHDAY,EMAIL,PHONE_NUMBER,CELL_NUMBER,LAST_GRADE) VALUES(1000123256,'CEDULA_DE_CIUDADANIA','DANIEL','MEZA','1999-03-08','daniel.mesa@mail.com','6045555525','3008110036','Licenciado en Literatura');
INSERT INTO TEACHER(ID,DOCUMENT_TYPE,NAME,LAST_NAME,BIRTHDAY,EMAIL,PHONE_NUMBER,CELL_NUMBER,LAST_GRADE) VALUES(31123456,'CEDULA_DE_CIUDADANIA','CAROLINA','RAMIREZ','1995-08-16','carolina.ramirez@mail.com','6045555534','3008110030','Licenciado en Ciencias');
INSERT INTO TEACHER(ID,DOCUMENT_TYPE,NAME,LAST_NAME,BIRTHDAY,EMAIL,PHONE_NUMBER,CELL_NUMBER,LAST_GRADE) VALUES(450123456,'CEDULA_DE_CIUDADANIA','SOFIA','DANIELLS','1990-12-20','sofia.daniells@mail.com','6045555545','3008110020','Licenciado en Lengua Inglesa');

insert into COURSE (LEVEL_COURSE, COURSE_DIRECTOR_ID) values ('4A',1000123456);
insert into COURSE (LEVEL_COURSE, COURSE_DIRECTOR_ID) values ('4B',1000123256);
insert into COURSE (LEVEL_COURSE, COURSE_DIRECTOR_ID) values ('5A',31123456);
insert into COURSE (LEVEL_COURSE, COURSE_DIRECTOR_ID) values ('5B',450123456);

INSERT INTO STUDENT(ID,DOCUMENT_TYPE,NAME,LAST_NAME,BIRTHDAY,EMAIL,PHONE_NUMBER,CELL_NUMBER,CUSTODIAN_NAME,ADDRESS_ID,COURSE_ID) VALUES(11258369741,'TARJETA_DE_IDENTIDAD','CAMILO','CIFUENTES','2018-04-16','camilo.cifuentes@mail.edu','6043112516','3083112516','RARAEL CIFUENTES',1,1);
INSERT INTO STUDENT(ID,DOCUMENT_TYPE,NAME,LAST_NAME,BIRTHDAY,EMAIL,PHONE_NUMBER,CELL_NUMBER,CUSTODIAN_NAME,ADDRESS_ID,COURSE_ID) VALUES(11258369825,'TARJETA_DE_IDENTIDAD','DANIELA','CIFUENTES','2018-04-16','daniela.cifuentes@mail.edu','6043112516','3083112516','RARAEL CIFUENTES',1,1);
INSERT INTO STUDENT(ID,DOCUMENT_TYPE,NAME,LAST_NAME,BIRTHDAY,EMAIL,PHONE_NUMBER,CELL_NUMBER,CUSTODIAN_NAME,ADDRESS_ID,COURSE_ID) VALUES(11258369985,'TARJETA_DE_IDENTIDAD','ANDREA','MARIN','2017-08-25','andrea.marin@mail.edu','6043112525','3083112001','MARINA MARIN',2,1);
INSERT INTO STUDENT(ID,DOCUMENT_TYPE,NAME,LAST_NAME,BIRTHDAY,EMAIL,PHONE_NUMBER,CELL_NUMBER,CUSTODIAN_NAME,ADDRESS_ID,COURSE_ID) VALUES(11258370689,'TARJETA_DE_IDENTIDAD','CARLOS','ZAPATA','2018-05-05','carlos.zapata@mail.edu','6043123216','3083111002','GISELLE MIRANDA',3,1);
INSERT INTO STUDENT(ID,DOCUMENT_TYPE,NAME,LAST_NAME,BIRTHDAY,EMAIL,PHONE_NUMBER,CELL_NUMBER,CUSTODIAN_NAME,ADDRESS_ID,COURSE_ID) VALUES(11258371589,'TARJETA_DE_IDENTIDAD','JUAN CAMILO','FERNANDEZ','2018-03-29','juanc.fernandez@mail.edu','6043145816','3083113003','MARIA AVELLANEDA',4,1);
INSERT INTO STUDENT(ID,DOCUMENT_TYPE,NAME,LAST_NAME,BIRTHDAY,EMAIL,PHONE_NUMBER,CELL_NUMBER,CUSTODIAN_NAME,ADDRESS_ID,COURSE_ID) VALUES(11258369000,'TARJETA_DE_IDENTIDAD','MARIA JOSE','GARCIA','2017-07-16','mariaj.garcia@mail.edu','6043152616','3083114004','MARGOT GARCIAL',5,1);

INSERT INTO SIGNATURE(NAME,TEACHER_ID) VALUES('MATEMATICAS 4',1000123456);
INSERT INTO SIGNATURE(NAME,TEACHER_ID) VALUES('MATEMATICAS 5',1000123456);
INSERT INTO SIGNATURE(NAME,TEACHER_ID) VALUES('ESPANOL 4',1000123256);
INSERT INTO SIGNATURE(NAME,TEACHER_ID) VALUES('ESPANOL 5',1000123256);
INSERT INTO SIGNATURE(NAME,TEACHER_ID) VALUES('CIENCIAS 4',31123456);
INSERT INTO SIGNATURE(NAME,TEACHER_ID) VALUES('INGLES 4',450123456);

INSERT INTO COURSE_SIGNATURE(COURSE_ID,SIGNATURE_ID) VALUES(1,1);
INSERT INTO COURSE_SIGNATURE(COURSE_ID,SIGNATURE_ID) VALUES(1,3);
INSERT INTO COURSE_SIGNATURE(COURSE_ID,SIGNATURE_ID) VALUES(1,5);
INSERT INTO COURSE_SIGNATURE(COURSE_ID,SIGNATURE_ID) VALUES(1,6);

INSERT INTO STUDENT_SIGNATURE(STUDENT_ID, SIGNATURE_ID) VALUES(11258369741,1);
INSERT INTO STUDENT_SIGNATURE(STUDENT_ID, SIGNATURE_ID) VALUES(11258369741,3);
INSERT INTO STUDENT_SIGNATURE(STUDENT_ID, SIGNATURE_ID) VALUES(11258369741,5);
INSERT INTO STUDENT_SIGNATURE(STUDENT_ID, SIGNATURE_ID) VALUES(11258369741,6);
INSERT INTO STUDENT_SIGNATURE(STUDENT_ID, SIGNATURE_ID) VALUES(11258369825,1);
INSERT INTO STUDENT_SIGNATURE(STUDENT_ID, SIGNATURE_ID) VALUES(11258369825,3);
INSERT INTO STUDENT_SIGNATURE(STUDENT_ID, SIGNATURE_ID) VALUES(11258369825,5);
INSERT INTO STUDENT_SIGNATURE(STUDENT_ID, SIGNATURE_ID) VALUES(11258369825,6);
INSERT INTO STUDENT_SIGNATURE(STUDENT_ID, SIGNATURE_ID) VALUES(11258369985,1);
INSERT INTO STUDENT_SIGNATURE(STUDENT_ID, SIGNATURE_ID) VALUES(11258369985,3);
INSERT INTO STUDENT_SIGNATURE(STUDENT_ID, SIGNATURE_ID) VALUES(11258369985,5);
INSERT INTO STUDENT_SIGNATURE(STUDENT_ID, SIGNATURE_ID) VALUES(11258369985,6);
INSERT INTO STUDENT_SIGNATURE(STUDENT_ID, SIGNATURE_ID) VALUES(11258370689,1);
INSERT INTO STUDENT_SIGNATURE(STUDENT_ID, SIGNATURE_ID) VALUES(11258370689,3);
INSERT INTO STUDENT_SIGNATURE(STUDENT_ID, SIGNATURE_ID) VALUES(11258370689,5);
INSERT INTO STUDENT_SIGNATURE(STUDENT_ID, SIGNATURE_ID) VALUES(11258370689,6);
INSERT INTO STUDENT_SIGNATURE(STUDENT_ID, SIGNATURE_ID) VALUES(11258371589,1);
INSERT INTO STUDENT_SIGNATURE(STUDENT_ID, SIGNATURE_ID) VALUES(11258371589,3);
INSERT INTO STUDENT_SIGNATURE(STUDENT_ID, SIGNATURE_ID) VALUES(11258371589,5);
INSERT INTO STUDENT_SIGNATURE(STUDENT_ID, SIGNATURE_ID) VALUES(11258371589,6);
INSERT INTO STUDENT_SIGNATURE(STUDENT_ID, SIGNATURE_ID) VALUES(11258369000,1);
INSERT INTO STUDENT_SIGNATURE(STUDENT_ID, SIGNATURE_ID) VALUES(11258369000,3);
INSERT INTO STUDENT_SIGNATURE(STUDENT_ID, SIGNATURE_ID) VALUES(11258369000,5);
INSERT INTO STUDENT_SIGNATURE(STUDENT_ID, SIGNATURE_ID) VALUES(11258369000,6);

INSERT INTO GRADE(STUDENT_ID, SIGNATURE_ID,VALUE) VALUES(11258369741,1,4.5);
INSERT INTO GRADE(STUDENT_ID, SIGNATURE_ID,VALUE) VALUES(11258369825,1,3.0);
INSERT INTO GRADE(STUDENT_ID, SIGNATURE_ID,VALUE) VALUES(11258369985,1,2.5);
INSERT INTO GRADE(STUDENT_ID, SIGNATURE_ID,VALUE) VALUES(11258370689,1,4.5);
INSERT INTO GRADE(STUDENT_ID, SIGNATURE_ID,VALUE) VALUES(11258371589,1,4.2);
INSERT INTO GRADE(STUDENT_ID, SIGNATURE_ID,VALUE) VALUES(11258369000,1,3.1);

INSERT INTO GRADE(STUDENT_ID, SIGNATURE_ID,VALUE) VALUES(11258369741,3,4.5);
INSERT INTO GRADE(STUDENT_ID, SIGNATURE_ID,VALUE) VALUES(11258369825,3,3.0);
INSERT INTO GRADE(STUDENT_ID, SIGNATURE_ID,VALUE) VALUES(11258369985,3,3.5);
INSERT INTO GRADE(STUDENT_ID, SIGNATURE_ID,VALUE) VALUES(11258370689,3,3.8);
INSERT INTO GRADE(STUDENT_ID, SIGNATURE_ID,VALUE) VALUES(11258371589,3,4.8);
INSERT INTO GRADE(STUDENT_ID, SIGNATURE_ID,VALUE) VALUES(11258369000,3,4.1);

INSERT INTO GRADE(STUDENT_ID, SIGNATURE_ID,VALUE) VALUES(11258369741,5,3.3);
INSERT INTO GRADE(STUDENT_ID, SIGNATURE_ID,VALUE) VALUES(11258369825,5,3.5);
INSERT INTO GRADE(STUDENT_ID, SIGNATURE_ID,VALUE) VALUES(11258369985,5,3.8);
INSERT INTO GRADE(STUDENT_ID, SIGNATURE_ID,VALUE) VALUES(11258370689,5,4.0);
INSERT INTO GRADE(STUDENT_ID, SIGNATURE_ID,VALUE) VALUES(11258371589,5,4.5);
INSERT INTO GRADE(STUDENT_ID, SIGNATURE_ID,VALUE) VALUES(11258369000,5,4.1);

INSERT INTO GRADE(STUDENT_ID, SIGNATURE_ID,VALUE) VALUES(11258369741,6,4.3);
INSERT INTO GRADE(STUDENT_ID, SIGNATURE_ID,VALUE) VALUES(11258369825,6,4.5);
INSERT INTO GRADE(STUDENT_ID, SIGNATURE_ID,VALUE) VALUES(11258369985,6,4.8);
INSERT INTO GRADE(STUDENT_ID, SIGNATURE_ID,VALUE) VALUES(11258370689,6,4.0);
INSERT INTO GRADE(STUDENT_ID, SIGNATURE_ID,VALUE) VALUES(11258371589,6,3.5);
INSERT INTO GRADE(STUDENT_ID, SIGNATURE_ID,VALUE) VALUES(11258369000,6,3.1);